City_ID,City,Lat,Lng,Max Temp (F),Humidity,Cloudiness,Wind Speed,Country,Date
0,Xilin Hot,43.9667,116.0333,64.15,35,21,8.75,CN,1685078691
1,Tolanaro,-25.0319,46.9987,69.87,83,75,9.22,MG,1685078692
2,Margaret River,-33.95,115.0667,59.74,47,0,2.57,AU,1685078692
3,Papatowai,-46.5619,169.4708,57.65,67,90,17.2,NZ,1685078692
4,Rongelap,11.1635,166.8941,82.27,79,100,19.82,MH,1685078692
5,Fale Old Settlement,-9.3852,-171.2468,82.22,77,12,9.31,TK,1685078693
6,Qaqortoq,60.7167,-46.0333,33.17,92,99,5.82,GL,1685078693
7,Lebu,-37.6167,-73.65,53.85,86,97,10.76,CL,1685078693
8,Grytviken,-54.2811,-36.5092,36.1,85,80,7.96,GS,1685078693
9,College,64.8569,-147.8028,71.55,47,75,18.41,US,1685078693
10,Blackmans Bay,-43.0167,147.3167,55.72,65,100,10.33,AU,1685078694
11,Buala,-8.145,159.5921,77.79,90,100,8.55,SB,1685078694
12,Whitehorse,60.7161,-135.0538,50.77,75,100,19.57,CA,1685078694
13,Solleftea,63.1667,17.2667,43.63,76,76,11.16,SE,1685078694
14,Anadyr,64.75,177.4833,32.5,100,100,4.47,RU,1685078694
15,Sisimiut,66.9395,-53.6735,31.03,86,86,17.38,GL,1685078695
16,Carpi Centro,44.7824,10.8777,61.83,87,3,4.99,IT,1685078585
17,Yellowknife,62.456,-114.3525,46.92,76,20,4.61,CA,1685078695
18,Kudahuvadhoo,2.6708,72.8944,83.73,71,16,7.67,MV,1685078696
19,Albany,42.6001,-73.9662,46.81,77,1,4.32,US,1685078696
20,Bahar,34.9072,48.4414,60.96,67,0,2.3,IR,1685078696
21,Badger,64.8,-147.5333,71.47,45,75,18.41,US,1685078696
22,Iqaluit,63.7506,-68.5145,35.33,80,100,10.36,CA,1685078697
23,Curup,-3.4667,102.5333,85.78,52,67,4.25,ID,1685078697
24,West Island,-12.1568,96.8225,80.58,78,75,19.57,CC,1685078697
25,Donghai,22.9459,115.642,85.84,67,67,9.95,CN,1685078697
26,Zambezi,-13.5432,23.1047,55.87,63,2,5.26,ZM,1685078697
27,Port Elizabeth,-33.918,25.5701,54.32,66,20,14.97,ZA,1685078698
28,Olonkinbyen,70.9221,-8.7187,30.92,70,9,16.4,SJ,1685078698
29,Konarka,19.9,86.1167,90.0,52,2,13.62,IN,1685078698
30,Melfort,52.8667,-104.6177,53.73,87,100,5.75,CA,1685078698
31,Al Wafrah,28.6392,47.9306,93.22,23,1,4.92,KW,1685078699
32,Yarmouth,41.7057,-70.2286,55.96,83,75,8.99,US,1685078699
33,Codrington,-38.2667,141.9667,55.62,71,100,16.33,AU,1685078699
34,Port-Aux-Francais,-49.35,70.2167,41.59,99,99,20.04,TF,1685078699
35,Camocim,-2.9022,-40.8411,75.69,90,6,9.19,BR,1685078416
36,Puerto Natales,-51.7236,-72.4875,30.49,86,40,6.67,CL,1685078700
37,Malango,-2.9627,119.9001,76.55,89,61,1.9,ID,1685078700
38,Usinsk,65.9939,57.5281,69.62,63,99,21.16,RU,1685078700
39,Vorgashor,67.5833,63.95,67.78,62,53,18.68,RU,1685078700
40,Lazaro Cardenas,17.9583,-102.2,80.96,76,52,1.79,MX,1685078701
41,Broome,42.2506,-75.833,43.05,89,0,1.99,US,1685078701
42,Tazovsky,67.4667,78.7,47.44,70,100,14.61,RU,1685078701
43,Puerto Ayora,-0.7393,-90.3518,77.56,94,19,1.01,EC,1685078702
44,Kanggye,40.9695,126.5852,75.38,43,39,7.63,KP,1685078702
45,La Ronge,55.1001,-105.2842,55.65,76,100,3.44,CA,1685078702
46,Omutinskiy,56.4745,67.6709,64.06,46,5,5.53,RU,1685078702
47,Adamstown,-25.066,-130.1015,73.92,70,34,6.06,PN,1685078703
48,Bredasdorp,-34.5322,20.0403,51.15,79,80,8.08,ZA,1685078703
49,San Patricio,28.017,-97.5169,79.84,82,56,5.93,US,1685078703
50,Hermanus,-34.4187,19.2345,47.8,74,63,10.8,ZA,1685078703
51,Hamilton,39.1834,-84.5333,55.44,60,0,9.22,US,1685078704
52,Georgetown,5.4112,100.3354,82.35,80,40,12.66,MY,1685078678
53,Burang,30.25,81.1667,38.93,63,98,8.16,CN,1685078704
54,Tsiombe,-25.3,45.4833,67.46,74,1,7.65,MG,1685078704
55,Aasiaat,68.7098,-52.8699,25.83,94,76,7.09,GL,1685078704
56,Catia La Mar,10.6038,-67.0303,79.0,78,95,1.14,VE,1685078705
57,Road Town,18.4167,-64.6167,81.64,78,3,14.18,VG,1685078705
58,Hawaiian Paradise Park,19.5933,-154.9731,74.71,85,75,4.61,US,1685078705
59,Mbandaka,0.0487,18.2603,70.11,98,95,2.08,CD,1685078705
60,Jayapura,-2.5333,140.7,90.79,67,37,5.99,ID,1685078706
61,Salalah,17.0151,54.0924,89.69,62,40,13.8,OM,1685078706
62,St. John'S,47.5649,-52.7093,37.98,96,100,14.97,CA,1685078572
63,Saipan,15.1355,145.701,85.64,100,100,14.0,MP,1685078706
64,Kirensk,57.7853,108.1119,44.22,87,100,4.12,RU,1685078706
65,Waitangi,-43.9535,-176.5597,55.81,81,77,7.0,NZ,1685078707
66,Dudinka,69.4058,86.1778,36.63,67,10,14.52,RU,1685078707
67,Howard Springs,-12.497,131.047,89.51,39,58,9.08,AU,1685078707
68,Richards Bay,-28.783,32.0377,68.56,86,46,8.5,ZA,1685078707
69,Key West,24.5557,-81.7826,82.99,67,5,7.45,US,1685078462
70,Bethel,41.3712,-73.414,54.48,76,0,3.44,US,1685078708
71,Stanley,54.868,-1.6985,50.9,91,68,2.42,GB,1685078708
72,Mount Isa,-20.7333,139.5,74.97,27,0,17.27,AU,1685078708
73,Soc Trang,9.6033,105.98,97.75,38,70,12.5,VN,1685078708
74,Kamphaeng Phet,16.25,99.5,100.72,32,3,1.52,TH,1685078709
75,Zheleznogorsk-Ilimskiy,56.5768,104.1217,40.57,85,100,3.36,RU,1685078709
76,Fisterra,42.9049,-9.2629,58.01,70,0,22.86,ES,1685078709
77,Paka,4.6374,103.4368,87.73,79,20,6.91,MY,1685078709
78,Touros,-5.1989,-35.4608,77.27,87,97,11.79,BR,1685078709
79,Ivins,37.1686,-113.6794,74.95,15,100,3.49,US,1685078710
80,Kargasok,59.0556,80.8572,57.9,31,16,6.71,RU,1685078710
81,Gurupi,-11.7292,-49.0686,72.68,49,2,6.85,BR,1685078710
82,Moose Jaw,50.4001,-105.5344,57.45,94,68,8.05,CA,1685078710
83,Tres Arroyos,-38.3739,-60.2798,59.5,90,100,1.66,AR,1685078711
84,Enewetak,11.3474,162.3373,82.76,78,46,17.0,MH,1685078711
85,Al Bardiyah,31.7561,25.0865,74.01,54,78,19.89,LY,1685078711
86,Maumere,-8.6199,122.2111,80.78,74,100,10.18,ID,1685078711
87,Keflavik,64.0049,-22.5624,43.23,93,100,10.36,IS,1685078711
88,Tagta,41.6504,59.9164,84.15,21,0,6.91,TM,1685078712
89,Quellon,-43.1167,-73.6167,37.65,93,20,4.61,CL,1685078712
90,Longyearbyen,78.2186,15.6401,33.64,64,75,16.11,SJ,1685078712
91,Djamaa,33.5339,5.9931,67.68,50,7,5.5,DZ,1685078712
92,Palikir - National Government Center,6.9248,158.1611,88.54,66,40,5.75,FM,1685078713
93,Fort St. John,56.2499,-120.8529,55.29,71,0,9.22,CA,1685078568
94,Hotan,37.0997,79.9269,72.43,27,96,7.02,CN,1685078713
95,Christchurch,-43.5333,172.6333,61.0,52,100,18.41,NZ,1685078713
96,Quata,-22.2475,-50.6983,61.56,71,0,6.76,BR,1685078714
97,Kavalerovo,44.2661,135.0572,71.91,34,100,9.26,RU,1685078714
98,Acarau,-2.8856,-40.12,77.18,87,28,10.56,BR,1685078714
99,Saint-Joseph,-21.3667,55.6167,74.46,78,100,10.96,RE,1685078714
100,Edinburgh Of The Seven Seas,-37.0676,-12.3116,62.6,89,86,40.04,SH,1685078715
101,Manta,-0.95,-80.7333,78.58,83,20,0.0,EC,1685078715
102,Mocorito,25.4833,-107.9167,79.29,25,99,0.81,MX,1685078715
103,Afaahiti,-17.75,-149.2833,80.47,77,7,6.85,PF,1685078599
104,Grand Island,40.925,-98.342,62.55,82,20,10.36,US,1685078715
105,Susuman,62.7833,148.1667,48.67,31,81,7.7,RU,1685078716
106,Zouerate,22.7187,-12.4521,71.85,74,100,10.78,MR,1685078483
107,East London,-33.0153,27.9116,54.54,71,0,18.41,ZA,1685078716
108,Tiksi,71.6872,128.8694,32.97,93,100,9.8,RU,1685078716
109,Ta`U,-14.2336,-169.5144,80.64,80,64,10.22,AS,1685078717
110,Ancud,-41.8697,-73.8203,44.02,75,100,9.8,CL,1685078717
111,Arno,60.1167,18.6333,47.79,67,60,10.11,SE,1685078717
112,Bamboo Flat,11.7,92.7167,87.89,70,40,10.36,IN,1685078717
113,Barghat,22.0333,79.7167,96.13,25,63,10.07,IN,1685078717
114,Alice Springs,-23.7,133.8833,60.35,29,0,13.8,AU,1685078438
115,Markaz-E Hukumat-E Darweshan,31.1323,64.1934,92.5,8,6,10.74,AF,1685078718
116,Zhosaly,45.4878,64.0781,82.2,17,0,6.69,KZ,1685078718
117,Ishigaki,24.3448,124.1572,82.53,69,20,12.66,JP,1685078718
118,Hithadhoo,-0.6,73.0833,79.56,86,100,11.79,MV,1685078718
119,Huarmey,-10.0681,-78.1522,70.93,84,93,12.33,PE,1685078719
120,Isafjordur,66.0755,-23.124,39.96,79,100,5.32,IS,1685078420
121,Idrinskoye,54.3708,92.1358,55.47,35,74,3.91,RU,1685078719
122,Pisco,-13.7,-76.2167,69.85,78,100,10.36,PE,1685078719
123,Kapuskasing,49.4169,-82.4331,48.29,87,20,4.61,CA,1685078720
124,Luderitz,-26.6481,15.1594,50.02,76,2,10.74,NA,1685078720
125,Ushuaia,-54.8,-68.3,33.46,75,0,5.75,AR,1685078720
126,Qamdo,31.1667,97.2333,59.83,22,24,13.02,CN,1685078720
127,Camana,-16.6228,-72.7111,65.7,89,91,9.57,PE,1685078720
128,Igarka,67.4667,86.5833,46.29,67,79,6.78,RU,1685078721
129,Rovnoye,50.7765,46.0509,66.42,60,98,6.58,RU,1685078721
130,Invercargill,-46.4,168.35,54.03,87,100,14.9,NZ,1685078721
131,Ilulissat,69.2167,-51.1,32.02,86,75,8.05,GL,1685078721
132,Saint-Francois,46.4154,3.9054,51.67,93,100,3.44,FR,1685078722
133,Ha'Il,27.5219,41.6907,80.62,34,0,4.61,SA,1685078722
134,Amursk,50.2261,136.8994,70.81,45,100,13.53,RU,1685078722
135,Atafu Village,-8.5421,-172.5159,83.79,71,14,10.13,TK,1685078722
136,Lana,46.6124,11.1559,61.75,78,6,3.29,IT,1685078722
137,Carnarvon,-24.8667,113.6333,78.62,37,100,10.49,AU,1685078723
138,Arkhangel'Sk,64.5401,40.5433,47.73,88,67,8.86,RU,1685078723
139,Ketchikan,55.3422,-131.6461,55.87,88,100,3.44,US,1685078723
140,Bilibino,68.0546,166.4372,56.5,28,78,0.83,RU,1685078724
141,Punta Arenas,-53.15,-70.9167,35.62,86,20,5.75,CL,1685078665
142,Gizo,-8.103,156.8419,80.55,82,100,9.57,SB,1685078724
143,Vila Velha,-20.3297,-40.2925,69.94,97,75,2.3,BR,1685078724
144,Fallon,39.4735,-118.7774,55.92,91,75,5.75,US,1685078725
145,San Ignacio De Velasco,-16.3667,-60.95,70.34,86,23,2.77,BO,1685078725
146,Magadi,12.9667,77.2333,86.16,50,48,8.34,IN,1685078725
147,Bubaque,11.2833,-15.8333,77.85,81,100,11.39,GW,1685078725
148,Lihue,21.9789,-159.3672,78.04,86,100,21.85,US,1685078725
149,Daimiel,39.07,-3.615,57.18,95,75,10.36,ES,1685078726
150,Roma,43.2128,-75.4557,43.66,90,0,0.0,US,1685078633
151,Uturoa,-16.7333,-151.4333,81.61,76,35,10.94,PF,1685078726
152,Noumea,-22.2763,166.4572,75.99,99,63,12.48,NC,1685078726
153,Nova Sintra,14.8667,-24.7167,69.57,84,88,13.18,CV,1685078727
154,Inhambane,-23.865,35.3833,69.94,75,10,8.75,MZ,1685078727
155,Weyburn,49.6668,-103.8511,62.82,88,100,10.36,CA,1685078727
156,Tvoroyri,61.5556,-6.8111,46.0,88,33,19.89,FO,1685078727
157,Port Lincoln,-34.7333,135.8667,58.03,62,96,14.25,AU,1685078728
158,Namsos,64.4662,11.4957,42.85,87,75,8.05,NO,1685078728
159,Chibougamau,49.9168,-74.3659,37.02,87,0,5.75,CA,1685078728
160,Wailua Homesteads,22.0669,-159.378,77.43,86,100,21.85,US,1685078728
161,Kerikeri,-35.2268,173.9474,59.92,82,26,3.74,NZ,1685078728
162,Constantia,44.1833,28.65,65.08,86,94,10.36,RO,1685078687
163,Andreapol',56.6513,32.2664,60.64,66,56,5.53,RU,1685078729
164,New Norfolk,-42.7826,147.0587,56.91,66,100,5.01,AU,1685078729
165,Tambopata,-12.7333,-69.1833,71.24,99,60,1.1,PE,1685078729
166,Bandarbeyla,9.4942,50.8122,85.1,69,62,16.78,SO,1685078730
167,Shalkar,47.8288,59.6258,79.2,22,0,9.53,KZ,1685078730
168,Shohimardon,39.9839,71.8028,63.37,51,46,4.83,UZ,1685078730
169,Ursulo Galvan,22.7333,-98.3,80.33,81,100,6.24,MX,1685078730
170,Flying Fish Cove,-10.4217,105.6791,78.48,88,100,11.5,CX,1685078730
171,Taitung City,22.7583,121.1444,84.47,79,40,6.91,TW,1685078731
172,Fort Bragg,35.139,-79.006,62.2,70,97,7.0,US,1685078731
173,Cacheu,12.2706,-16.1658,75.97,80,100,1.43,GW,1685078731
174,Hornell,42.3279,-77.6611,42.55,97,0,0.51,US,1685078731
175,Castelli,-25.9468,-60.6195,75.42,56,81,9.84,AR,1685078732
176,Shagonar,51.5333,92.8,49.37,56,90,3.31,RU,1685078732
177,Vadso,70.0744,29.7487,47.28,49,0,10.36,NO,1685078732
178,Mayahi,13.9553,7.6712,83.12,57,6,8.77,NE,1685078732
179,Ribeira Grande,38.5167,-28.7,61.77,83,91,8.99,PT,1685078732
180,Jamestown,42.097,-79.2353,46.04,76,0,1.01,US,1685078570
181,Sullivan,36.5168,-82.5332,65.59,83,100,4.61,US,1685078733
182,Udachny,66.4167,112.4,39.96,67,89,14.47,RU,1685078733
183,Bam,29.106,58.357,90.54,18,23,2.46,IR,1685078733
184,Kone,-21.0595,164.8658,75.24,48,0,3.53,NC,1685078734
185,Mocajuba,-2.5842,-49.5072,73.31,97,63,2.57,BR,1685078701
186,Tucupita,9.0622,-62.051,74.26,96,94,2.77,VE,1685078734
187,Mul,20.0667,79.6667,102.51,18,0,9.66,IN,1685078734
188,Wenxing,28.6667,112.8833,80.1,87,100,4.05,CN,1685078734
189,Nouadhibou,20.931,-17.0347,66.18,94,100,18.41,MR,1685078735
190,Nar'Yan-Mar,67.6713,53.087,59.9,91,99,13.2,RU,1685078735
191,Ciudad Bolivar,8.1222,-63.5497,81.7,74,100,7.58,VE,1685078736
192,Le Port,-20.9373,55.2919,75.88,90,100,6.17,RE,1685078736
193,Puerto Baquerizo Moreno,-0.9,-89.6,77.47,85,43,12.71,EC,1685078736
194,Qa'En,33.7265,59.1844,74.62,16,30,7.25,IR,1685078737
195,Veraval,20.9,70.3667,86.72,70,13,16.87,IN,1685078737
196,Utrik,11.2278,169.8474,81.99,79,100,17.96,MH,1685078480
197,Alofi,-19.0595,-169.9187,64.29,100,100,9.22,NU,1685078737
198,Iyidere,41.0119,40.3619,60.76,89,85,2.57,TR,1685078737
199,Taltal,-25.4,-70.4833,60.87,77,94,2.24,CL,1685078738
200,Missoula,47.0166,-113.8009,48.85,84,100,3.2,US,1685078571
201,Hualahuises,24.8847,-99.6733,73.08,82,84,10.51,MX,1685078739
202,Newman,37.3138,-121.0208,64.38,64,0,10.0,US,1685078739
203,Fortuna,40.5982,-124.1573,53.92,95,100,0.0,US,1685078739
204,Saint-Philippe,-21.3585,55.7679,74.79,79,100,10.27,RE,1685078739
205,Cockburn Town,21.4612,-71.1419,81.18,79,2,9.46,TC,1685078678
206,San Fernando De Apure,7.8878,-67.4724,72.75,97,100,4.16,VE,1685078684
207,Dhuusamarreeb,5.535,46.3861,79.66,67,11,14.76,SO,1685078740
208,Avanigadda,16.0215,80.9181,103.59,28,9,10.92,IN,1685078740
209,Zandvoort,52.3749,4.5341,51.94,76,40,10.36,NL,1685078740
210,Progreso,21.2833,-89.6667,77.11,78,1,7.34,MX,1685078741
211,Pointe Michel,15.25,-61.3833,80.08,82,87,11.39,DM,1685078741
212,Sisa,-6.6167,-76.6915,71.31,96,41,2.59,PE,1685078741
213,Nizhnyaya Salda,58.0776,60.7202,76.55,38,72,5.37,RU,1685078741
214,Goz Beida,13.95,20.55,91.94,27,54,7.63,TD,1685078742
215,Avarua,-21.2078,-159.775,71.65,100,65,1.14,CK,1685078742
216,Zeya,53.75,127.2667,44.49,93,100,4.07,RU,1685078742
217,La'Ie,21.6477,-157.9253,80.56,71,32,5.01,US,1685078742
218,Aketi,2.7388,23.7833,72.73,90,53,1.3,CD,1685078743
219,Iskateley,67.6803,53.1512,59.79,91,99,13.27,RU,1685078743
220,Sao Vicente,-23.9631,-46.3919,75.38,26,9,3.29,BR,1685078743
221,Mantyharju,61.4167,26.8833,50.11,48,87,7.45,FI,1685078743
222,Katsuura,35.1333,140.3,68.54,61,100,10.63,JP,1685078743
223,Petropavlovsk-Kamchatsky,53.0452,158.6483,55.99,47,75,8.95,RU,1685078744
224,Kurlovo,55.4325,40.4854,60.8,88,85,4.68,RU,1685078744
225,Lompoc,34.6391,-120.4579,56.79,86,0,5.99,US,1685078744
226,San Antonio De Pale,-1.4014,5.6325,78.75,87,99,14.18,GQ,1685078744
227,Tutoia,-2.7619,-42.2744,78.33,85,35,8.79,BR,1685078745
228,Pandan,14.0453,124.1694,85.87,71,35,11.32,PH,1685078745
229,Ankang,32.68,109.0172,65.28,95,100,0.69,CN,1685078745
230,Polyarnyy,69.1989,33.4478,47.98,45,93,12.97,RU,1685078745
231,Boa Vista,2.8197,-60.6733,76.98,94,75,2.3,BR,1685078746
232,Tyukhtet,56.5389,89.3011,51.98,38,46,7.43,RU,1685078746
233,Island Harbour,50.724,-1.2758,49.93,87,5,5.99,GB,1685078746
234,Wamba,8.9333,8.6,73.35,90,54,0.56,NG,1685078746
235,Paramonga,-10.6667,-77.8333,69.85,84,82,11.72,PE,1685078746
236,Saint-Pierre,-21.3393,55.4781,75.56,64,100,14.97,RE,1685078747
237,Sarankhola,22.3082,89.7897,95.11,52,12,9.69,BD,1685078747
238,Tura,25.5198,90.2201,83.34,63,33,6.64,IN,1685078747
239,Chinde,26.8418,88.0763,71.83,66,26,3.89,NP,1685078747
240,Zheleznogorsk,52.331,35.3711,63.19,76,68,5.75,RU,1685078748
241,Namibe,-15.1961,12.1522,67.26,70,0,7.43,AO,1685078748
242,Laminusa,5.5549,120.9136,83.12,76,71,8.75,PH,1685078748
243,Tari,12.4086,4.4914,85.44,57,54,9.75,NG,1685078748
244,Ishpeming,46.4885,-87.6676,46.36,47,90,5.84,US,1685078749
245,Mata-Utu,-13.2816,-176.1745,82.92,72,100,5.79,WF,1685078702
246,Thompson,55.7435,-97.8558,55.56,100,100,5.75,CA,1685078749
247,Bamiantong,44.9333,130.5333,68.54,51,84,13.76,CN,1685078749
248,Barcelos,41.5388,-8.6151,60.94,66,1,8.55,PT,1685078749
249,Asosa,10.0667,34.5333,71.51,57,100,2.59,ET,1685078750
250,Nadi,-17.8,177.4167,78.8,61,20,11.5,FJ,1685078750
251,Takehara,34.3383,132.9167,77.04,53,75,5.75,JP,1685078750
252,Dhidhdhoo,6.8833,73.1,84.47,73,17,8.77,MV,1685078483
253,Brasilia,-15.7797,-47.9297,63.52,72,20,8.05,BR,1685078653
254,Itaituba,-4.2761,-55.9836,77.25,80,99,1.66,BR,1685078751
255,An Muileann Gcearr,53.5333,-7.35,48.67,97,30,5.68,IE,1685078751
256,Sitka,57.0531,-135.33,53.49,82,100,12.66,US,1685078751
257,Springbok,-29.6643,17.8865,39.78,93,40,2.3,ZA,1685078752
258,Benguela,-12.5763,13.4055,71.49,86,15,1.68,AO,1685078752
259,Bowen,-20.0167,148.2333,74.73,64,72,13.49,AU,1685078752
260,Talnakh,69.4865,88.3972,36.21,99,25,8.63,RU,1685078752
261,Kinna,57.5073,12.6946,53.33,61,12,8.03,SE,1685078752
262,Ust-Tsilma,65.441,52.1498,68.65,71,91,11.1,RU,1685078753
263,Coxen Hole,16.3244,-86.5366,83.48,79,20,13.8,HN,1685078753
264,Port Mathurin,-19.6833,63.4167,76.8,80,38,16.4,MU,1685078753
265,Hammerfest,70.6634,23.6821,39.65,81,75,20.71,NO,1685078753
266,Encheng,22.1839,112.3026,88.97,70,59,9.71,CN,1685078754
267,Burhaniye,39.5004,26.9727,67.91,60,20,11.5,TR,1685078578
268,Psebay,44.1234,40.8107,63.9,88,72,0.78,RU,1685078754
269,Kolno,53.4115,21.9291,53.89,79,15,5.5,PL,1685078754
270,Dazhou,31.2159,107.5009,67.06,95,100,3.04,CN,1685078754
271,Usogorsk,63.4106,48.6872,66.43,76,67,13.0,RU,1685078755
272,Villa Emilio Carranza,19.9667,-96.6,78.03,84,87,3.11,MX,1685078755
273,Xiongzhou,25.1167,114.3,92.03,56,65,7.02,CN,1685078755
274,Kroonstad,-27.6504,27.2349,42.37,80,60,7.87,ZA,1685078755
275,Spanish Fort,30.6749,-87.9153,67.82,72,0,5.93,US,1685078756
276,Al Mishkhab,31.8042,44.4911,84.31,32,75,2.24,IQ,1685078756
277,Praya,14.9215,-23.5087,72.14,83,0,16.11,CV,1685078756
278,Prince Albert,53.2001,-105.7677,53.55,100,100,9.22,CA,1685078757
279,Midvagur,62.0511,-7.1939,47.23,71,100,12.66,FO,1685078757
280,Katsuren-Haebaru,26.3369,127.8719,80.98,58,40,12.66,JP,1685078757
281,Puerto Santa,-8.9906,-78.6456,71.46,84,87,12.24,PE,1685078757
282,Coquimbo,-29.9533,-71.3436,58.73,94,100,5.75,CL,1685078757
283,Nemuro,43.3236,145.575,52.75,85,17,16.2,JP,1685078758
284,Paphos,34.7667,32.4167,71.38,60,0,5.75,CY,1685078758
285,Tikhvin,59.6451,33.5294,56.21,73,64,5.86,RU,1685078758
286,Nampula,-15.1165,39.2666,63.25,85,0,2.04,MZ,1685078758
287,Wotho,10.1657,166.0102,82.42,76,100,18.05,MH,1685078759
288,Sao Felix Do Xingu,-6.6447,-51.995,71.51,92,9,1.48,BR,1685078759
289,Bengkulu,-3.8004,102.2655,85.35,68,62,7.81,ID,1685078759
290,Semnan,35.5729,53.3971,81.93,22,100,5.82,IR,1685078759
291,Selfoss,63.9331,-20.9971,41.04,88,100,7.18,IS,1685078760
292,Port Shepstone,-30.7414,30.455,69.42,51,6,19.37,ZA,1685078760
293,La Seu D'Urgell,42.3588,1.4614,54.14,90,90,3.36,ES,1685078760
294,Shangzhi,45.2167,127.9667,77.76,28,56,16.49,CN,1685078760
295,Seven Pagodas,12.6264,80.1722,96.85,51,52,6.91,IN,1685078760
296,Markovo,57.3206,107.0881,45.84,76,100,7.36,RU,1685078761
297,Hassi Messaoud,31.6804,6.0729,66.06,59,0,6.91,DZ,1685078761
298,Mangrol,21.1167,70.1167,86.45,72,12,17.4,IN,1685078761
299,Sao Gabriel Da Cachoeira,-0.1303,-67.0892,73.08,99,100,1.77,BR,1685078761
300,Axim,4.8699,-2.2405,78.93,86,89,2.91,GH,1685078762
301,Jonesboro,35.8423,-90.7043,73.17,56,75,15.01,US,1685078762
302,Krishnanagar,23.4,88.5,91.36,50,5,4.56,IN,1685078762
303,Smithers,54.7804,-127.1743,64.72,45,0,5.75,CA,1685078762
304,Greenville,35.6127,-77.3663,59.16,69,0,8.05,US,1685078586
305,Berdigestyakh,62.0989,126.6992,54.09,29,0,8.9,RU,1685078763
306,Dhrol,22.5667,70.4167,93.31,48,19,25.32,IN,1685078764
307,Al Wakrah,24.85,51.3333,95.09,26,11,2.51,QA,1685078764
308,Mar Del Plata,-38.0023,-57.5575,61.09,98,100,11.5,AR,1685078764
309,Almaty,43.25,76.95,69.71,26,20,6.71,KZ,1685078744
310,Benjamin Constant,-4.3831,-70.0311,77.13,99,82,2.57,BR,1685078765
311,Vernon,50.2581,-119.2691,62.13,66,38,3.44,CA,1685078716
312,Haiku-Pauwela,20.9219,-156.3051,74.05,73,40,11.5,US,1685078766
313,Robore,-18.3333,-59.75,70.23,81,31,3.11,BO,1685078766
314,Grenaa,56.4158,10.8783,48.6,86,60,21.5,DK,1685078766
315,Keningau,5.3378,116.1602,92.5,45,87,3.56,MY,1685078767
316,Tucuma,-0.1833,-50.05,75.9,93,28,6.04,BR,1685078767
317,Inda Silase,14.1031,38.2829,76.32,36,8,10.56,ET,1685078767
318,Sorong,-0.8833,131.25,81.61,84,100,15.08,ID,1685078767
319,Mount Pearl,47.5166,-52.7813,37.15,96,100,14.97,CA,1685078567
320,Port-Cartier,50.0334,-66.8654,46.08,87,92,4.68,CA,1685078768
321,Yenotayevka,47.2456,47.0281,74.61,56,100,11.27,RU,1685078768
322,Severo-Yeniseyskiy,60.3725,93.0408,43.99,53,36,8.48,RU,1685078769
323,Punta Del Este,-34.9667,-54.95,68.11,85,0,8.99,UY,1685078626
324,Tiruchchendur,8.4833,78.1167,93.49,58,4,4.14,IN,1685078769
325,Hobyo,5.3505,48.5268,83.82,70,9,15.82,SO,1685078770
326,Shimoda,34.6667,138.95,72.1,61,92,7.72,JP,1685078770
327,Tromso,69.6496,18.957,40.37,81,75,20.71,NO,1685078770
328,Vilyuchinsk,52.9306,158.4028,57.47,64,77,7.23,RU,1685078771
329,Tarawa,1.419,172.984,87.89,70,20,4.61,KI,1685078771
330,Freetown,8.484,-13.2299,74.91,88,75,10.36,SL,1685078771
331,Sandnessjoen,66.0217,12.6316,41.41,84,75,11.5,NO,1685078772
332,Cootamundra,-34.65,148.0333,52.95,51,50,13.0,AU,1685078772
333,Pasni,25.2631,63.471,85.44,80,3,12.82,PK,1685078772
334,Dryden,49.7833,-92.7503,62.89,48,0,8.05,CA,1685078773
335,Swakopmund,-22.6833,14.5333,51.98,89,0,1.01,NA,1685078773
336,Yoko,5.5333,12.3167,66.13,99,100,2.26,CM,1685078773
337,Santa Maria Da Vitoria,-13.3947,-44.1886,70.47,76,5,7.45,BR,1685078774
338,Jucas,-6.5253,-39.5275,72.28,85,83,4.0,BR,1685078774
339,Crane,31.3974,-102.3501,74.71,65,87,13.49,US,1685078774
340,Tamanrasset,22.785,5.5228,62.51,27,0,3.44,DZ,1685078775
341,Hami,42.8,93.45,74.53,23,100,12.15,CN,1685078775
342,Porto Novo,6.4965,2.6036,80.42,91,100,4.41,BJ,1685078776
343,Mymensingh,24.75,90.4,90.03,46,4,5.93,BD,1685078588
344,Kingston,17.997,-76.7936,79.75,78,20,16.11,JM,1685078776
345,Neiafu,-18.65,-173.9833,66.88,94,100,0.0,TO,1685078777
346,Mokhsogollokh,61.4681,128.9203,56.73,26,2,6.62,RU,1685078777
347,Bollnas,61.3482,16.3946,46.09,64,56,12.59,SE,1685078778
348,Andalgala,-27.5819,-66.3165,65.91,34,52,4.99,AR,1685078778
349,Oamaru,-45.0784,170.9801,59.38,63,100,9.13,NZ,1685078778
350,Cacak,43.8914,20.3497,60.4,94,87,2.46,RS,1685078779
351,Kourou,5.1552,-52.6478,75.25,94,100,5.79,GF,1685078779
352,Tuy Hoa,13.0833,109.3,91.49,53,41,6.35,VN,1685078694
353,Oroshaza,46.5667,20.6667,64.94,89,55,9.33,HU,1685078780
354,Unai,-16.3575,-46.9061,69.1,60,87,5.41,BR,1685078780
355,Ust'-Kut,56.7938,105.7672,48.4,63,100,7.05,RU,1685078780
356,Nueva Gerona,21.8833,-82.8,79.03,69,8,4.14,CU,1685078780
357,Sao Paulo De Olivenca,-3.3783,-68.8725,73.4,99,100,1.74,BR,1685078781
358,San Luis De La Loma,17.2706,-100.8939,81.07,75,26,1.45,MX,1685078781
359,Muang Khong,14.1167,105.85,90.45,55,94,2.53,LA,1685078782
360,Gobabis,-22.45,18.9667,45.95,77,0,10.51,NA,1685078782
361,Manokwari,-0.8667,134.0833,84.09,74,66,5.55,ID,1685078782
362,Ust-Nera,64.5667,143.2,44.55,52,67,1.12,RU,1685078782
363,Ocos,14.5094,-92.1933,84.07,77,67,6.69,GT,1685078783
364,Arraial Do Cabo,-22.9661,-42.0278,72.14,87,0,14.2,BR,1685078783
365,Daru,-9.0763,143.2092,78.57,87,100,13.31,PG,1685078783
366,Dewas,22.9667,76.0667,87.98,34,31,17.43,IN,1685078784
367,Tofol,5.3248,163.0078,82.98,74,49,10.47,FM,1685078784
368,Mermoz Boabab,14.7065,-17.4758,76.78,78,0,13.8,SN,1685078784
369,Mount Gambier,-37.8333,140.7667,54.48,68,93,10.25,AU,1685078525
370,Remire-Montjoly,4.9167,-52.2667,75.24,100,100,1.14,GF,1685078785
371,Kodiak,57.79,-152.4072,44.11,81,75,4.61,US,1685078785
372,Baykalovo,57.3981,63.7684,69.73,48,2,8.46,RU,1685078785
373,Colonia,50.9333,6.95,49.84,84,0,4.61,DE,1685078681
374,Ingenio La Esperanza,-24.2255,-64.839,66.69,95,91,0.51,AR,1685078786
375,Castillos,-34.1667,-53.8333,64.63,82,28,8.41,UY,1685078786
376,Camayenne,9.535,-13.6878,76.57,89,100,7.25,GN,1685078786
377,Port Alfred,-33.5906,26.891,52.18,83,80,5.99,ZA,1685078787
378,Kodinsk,58.6881,99.1844,57.38,38,98,9.66,RU,1685078787
379,Summerside,46.3959,-63.7876,44.47,100,100,19.57,CA,1685078787
380,As Sulayyil,20.4607,45.5779,88.05,22,24,10.31,SA,1685078788
381,Montepuez,-13.1256,38.9997,63.86,84,3,4.32,MZ,1685078788
382,Roses,42.262,3.1769,59.04,88,10,4.0,ES,1685078789
383,Saldanha,-33.0117,17.9442,50.05,57,64,4.34,ZA,1685078789
384,Choibalsan,48.0667,114.5,58.42,15,0,16.6,MN,1685078789
385,Mugia,43.1041,-9.2179,58.15,74,0,23.4,ES,1685078790
386,Minas De Marcona,-15.2119,-75.1103,57.42,89,83,12.46,PE,1685078790
387,Canto Do Buriti,-8.11,-42.9444,72.9,82,21,6.89,BR,1685078790
388,Hemsby,52.6971,1.6918,51.98,78,2,10.78,GB,1685078791
389,Tacna,-18.0056,-70.2483,59.9,88,22,1.34,PE,1685078791
390,Weno,7.4515,151.8468,80.55,94,100,8.05,FM,1685078791
391,Kapa'A,22.0752,-159.319,78.78,86,100,21.85,US,1685078792
392,Arar,30.9753,41.0381,78.82,21,0,11.5,SA,1685078687
393,Twon-Brass,4.3151,6.2418,81.5,82,100,7.81,NG,1685078792
394,Lewistown,40.5992,-77.5714,50.74,85,0,0.0,US,1685078792
395,Kaesong,37.9708,126.5544,71.73,44,100,8.34,KP,1685078793
396,Pestravka,52.405,49.9583,74.75,37,97,13.96,RU,1685078793
397,Korsakov,46.6328,142.7813,73.24,51,7,15.14,RU,1685078793
398,Geraldton,-28.7667,114.6,73.81,31,99,9.22,AU,1685078794
399,Karema,-6.8205,30.4389,71.56,68,83,9.1,TZ,1685078794
400,El Idrissia,34.4454,2.5275,55.69,65,0,2.8,DZ,1685078794
401,Nizhnyaya Tavda,57.6731,66.1725,67.01,42,0,6.67,RU,1685078795
402,Madison,34.7334,-86.5667,69.15,75,0,7.0,US,1685078682
403,Qandala,11.472,49.8728,89.83,61,32,5.55,SO,1685078795
404,Sur,22.5667,59.5289,95.31,46,81,3.13,OM,1685078796
405,Prince Rupert,54.3161,-130.3201,56.89,89,75,4.61,CA,1685078796
406,Sodra Sandby,56.5667,16.6167,51.66,83,67,12.93,SE,1685078796
407,Borogontsy,62.6683,131.1683,54.93,32,37,8.9,RU,1685078797
408,Dunedin,-45.8742,170.5036,59.81,63,73,5.99,NZ,1685078608
409,Praia,14.9215,-23.5087,72.14,83,0,16.11,CV,1685078797
410,Kamaishi,39.2667,141.8833,63.66,75,100,12.1,JP,1685078798
411,Verkh-Chebula,56.0308,87.6218,51.98,39,39,10.2,RU,1685078798
412,Flin Flon,54.7682,-101.865,54.48,97,98,4.27,CA,1685078798
413,Picota,-6.9197,-76.3304,71.83,99,28,0.83,PE,1685078799
414,Novyy Urgal,51.0736,132.5642,64.53,59,89,12.03,RU,1685078799
415,Akrehamn,59.2667,5.1833,49.41,87,75,17.27,NO,1685078799
416,Fort-Shevchenko,44.5086,50.263,76.28,35,100,28.41,KZ,1685078799
417,Antofagasta,-23.65,-70.4,60.08,76,100,6.13,CL,1685078531
418,Boca Suno,-0.7167,-77.1333,71.01,98,98,1.36,EC,1685078800
419,Mbeya,-8.9,33.45,57.6,88,35,5.01,TZ,1685078800
420,Happy Valley-Goose Bay,53.3168,-60.3315,37.71,87,20,6.91,CA,1685078801
421,Rabigh,22.7986,39.0349,88.2,50,3,3.06,SA,1685078801
422,San Fernando,15.0286,120.6898,92.93,54,66,6.2,PH,1685078801
423,Zwolle,52.5126,6.0936,46.98,90,0,7.38,NL,1685078802
424,Hadjout,36.5126,2.4138,60.39,85,9,3.53,DZ,1685078802
425,Tanguieta,10.6212,1.2665,77.68,79,61,4.23,BJ,1685078802
426,Cumnock,55.4544,-4.2664,48.88,95,11,1.57,GB,1685078802
427,Chonchi,-42.6128,-73.8092,34.81,92,90,3.29,CL,1685078803
428,Wanning,18.8003,110.3967,87.73,68,87,9.22,CN,1685078803
429,Kenai,60.5544,-151.2583,48.29,94,100,11.5,US,1685078803
430,Aburi,5.8472,-0.1775,74.91,91,100,3.65,GH,1685078803
431,Archangelos,36.2149,28.1149,68.31,68,0,1.61,GR,1685078803
432,Saujon,45.6667,-0.9167,56.98,96,1,8.66,FR,1685078804
433,Frontera,26.9333,-101.45,77.9,64,96,7.0,MX,1685078804
434,At-Bashi,41.1702,75.8106,52.97,51,100,3.91,KG,1685078804
435,Bijie,27.3125,105.2942,75.04,65,96,6.29,CN,1685078804
436,Kananga,-5.8958,22.4178,70.92,75,82,2.04,CD,1685078805
437,Napanee,44.2501,-76.9494,46.85,75,0,5.59,CA,1685078546
438,Pangody,65.85,74.4859,58.95,43,100,16.69,RU,1685078805
439,Naryn,41.4287,75.9911,53.89,44,100,5.19,KG,1685078805
440,Port Douglas,-16.4833,145.4667,76.15,73,100,10.71,AU,1685078805
441,Ciudad Tula,23.0,-99.7167,66.45,85,100,4.38,MX,1685078806
442,Malton,54.1345,-0.7967,53.17,79,84,3.91,GB,1685078806
443,Kasaragod,12.5,75.0,89.89,56,99,5.86,IN,1685078806
444,La Passe,45.5549,-0.8967,57.02,94,1,8.61,FR,1685078807
445,Kenora,49.8167,-94.4337,67.17,55,20,10.36,CA,1685078807
446,Khovd,48.0056,91.6419,53.44,52,44,6.55,MN,1685078807
447,Namdrik,5.5994,168.1028,82.99,78,94,12.53,MH,1685078807
448,Orange Walk,17.8333,-88.8333,76.71,87,21,1.72,BZ,1685078808
449,Brokopondo,4.75,-55.1667,77.05,92,100,8.93,SR,1685078808
450,Varna,43.2167,27.9167,62.74,82,40,8.05,BG,1685078808
451,Bassar,9.25,0.7833,73.08,92,100,3.94,TG,1685078808
452,Letlhakane,-21.4167,25.5833,59.99,40,0,2.04,BW,1685078809
453,Vilyuysk,63.7553,121.6247,52.39,32,8,9.8,RU,1685078809
454,Kailua-Kona,19.6406,-155.9956,78.76,93,0,11.5,US,1685078545
455,Bikenibeu Village,1.3673,173.1241,87.76,70,20,4.61,KI,1685078809
456,Dergachi,51.2328,48.7659,74.28,35,100,16.58,RU,1685078810
457,Zyryanovsk,49.7386,84.2719,59.52,53,100,4.27,KZ,1685078810
458,Kimbe,-5.5502,150.1429,83.1,81,55,4.9,PG,1685078810
459,Cabo San Lucas,22.8909,-109.9124,80.62,52,99,5.01,MX,1685078811
460,Ballina,-28.8667,153.5667,74.79,40,54,11.61,AU,1685078811
461,Nova Vicosa,-17.8919,-39.3719,73.04,85,19,10.16,BR,1685078811
462,Ippy,6.2679,21.2247,71.89,83,50,1.57,CF,1685078811
463,I-N-Salah,27.1935,2.4607,77.02,19,99,11.45,DZ,1685078811
464,Qarauyl,48.9451,79.255,62.91,36,100,9.89,KZ,1685078812
465,Rawson,-43.3002,-65.1023,49.75,35,100,19.62,AR,1685078812
466,Horta,38.5333,-28.6333,61.02,83,92,8.99,PT,1685078812
467,Tangalle,6.024,80.7911,88.97,62,81,13.6,LK,1685078812
468,Cudalbi,45.7833,27.7,63.63,76,99,12.08,RO,1685078813
469,Charlottetown,46.2352,-63.1267,44.56,99,100,10.36,CA,1685078813
470,Es Castell,39.8795,4.2854,61.48,100,20,5.75,ES,1685078813
471,Migori,-1.0634,34.4731,64.63,79,99,7.27,KE,1685078813
472,Kassala,15.451,36.4,91.08,40,0,7.83,SD,1685078813
473,Port Blair,11.6667,92.75,87.84,70,40,10.36,IN,1685078814
474,Torit,4.4133,32.5678,76.98,64,84,2.68,SS,1685078814
475,Camapua,-19.5314,-54.0439,69.24,64,74,4.41,BR,1685078814
476,Sampit,-2.5333,112.95,89.46,58,73,3.78,ID,1685078814
477,Beira,-19.8436,34.8389,67.64,86,29,5.93,MZ,1685078815
478,Tadine,-21.55,167.8833,72.21,58,5,11.54,NC,1685078815
479,Brookings,44.3114,-96.7984,68.0,45,0,13.8,US,1685078554
480,Arteche,12.2645,125.4048,85.62,73,52,9.37,PH,1685078815
481,Betio Village,1.358,172.9211,87.84,76,20,9.1,KI,1685078815
482,Sechura,-5.5569,-80.8222,75.31,74,44,14.88,PE,1685078816
483,Alghero,40.5589,8.3181,57.29,100,0,2.3,IT,1685078816
484,Sambava,-14.2667,50.1667,73.8,85,24,8.08,MG,1685078816
485,Gadzhiyevo,69.2551,33.3362,47.77,44,90,13.65,RU,1685078816
486,Mejit,10.2753,170.8646,81.73,80,100,15.32,MH,1685078817
487,Taroa,8.7058,171.2275,81.68,80,97,15.7,MH,1685078817
488,Plymouth,41.8334,-70.8328,54.66,80,75,0.0,US,1685078499
489,Molde,62.7375,7.1591,44.78,76,75,14.97,NO,1685078817
490,Pimentel,-6.8367,-79.9342,73.69,83,0,13.8,PE,1685078817
491,Jilib,0.4883,42.7854,82.56,68,48,7.72,SO,1685078818
492,Siwa Oasis,29.2041,25.5195,79.32,34,98,18.5,EG,1685078818
493,Ondjiva,-17.0667,15.7333,57.24,47,1,3.44,AO,1685078818
494,Mersing,2.4312,103.8405,80.51,94,40,0.0,MY,1685078784
495,Plainview,40.7765,-73.4673,60.26,63,20,5.75,US,1685078819
496,Brasileia,-11.0161,-68.7481,71.69,95,27,1.12,BR,1685078819
497,Westport,41.1415,-73.3579,57.18,67,20,4.0,US,1685078806
498,Kiffa,16.6166,-11.4045,87.64,38,99,5.35,MR,1685078819
499,Oak Creek,42.8858,-87.8631,46.31,75,0,3.44,US,1685078614
500,Big Bend,-26.8167,31.9333,63.46,77,2,3.85,SZ,1685078820
501,Hun,29.1268,15.9477,68.43,53,0,5.86,LY,1685078820
502,Ola,59.5833,151.2833,52.14,88,95,8.03,RU,1685078820
503,Bereeda,11.8704,51.0579,87.12,69,31,9.04,SO,1685078820
504,Slave Lake,55.2834,-114.769,51.78,87,75,3.44,CA,1685078674
505,Fiambala,-27.6871,-67.6149,64.22,10,54,5.99,AR,1685078821
506,Achinsk,56.2694,90.4993,51.46,41,49,7.96,RU,1685078821
507,Krasnovishersk,60.4078,57.082,76.37,38,48,9.71,RU,1685078821
508,Strunino,56.3833,38.5667,63.16,72,63,3.56,RU,1685078822
509,Palmer,42.1584,-72.3287,48.85,90,0,0.0,US,1685078575
510,Zarghun Shahr,32.8473,68.4457,70.54,12,0,8.66,AF,1685078822
511,Yonggwang-Up,40.0183,127.4547,81.57,33,1,13.18,KP,1685078823
512,Lospalos,-8.5186,127.0025,77.63,56,68,11.74,TL,1685078783
513,"Laikit, Laikit Ii (Dimembe)",1.4792,124.9735,85.05,62,20,6.91,ID,1685078823
514,Grand Falls-Windsor,48.9332,-55.6649,37.51,94,100,7.0,CA,1685078824
515,Saint-Jean-De-Monts,46.7833,-2.0667,53.74,89,0,17.72,FR,1685078824
516,Chilecito,-29.1619,-67.4974,59.36,59,67,1.92,AR,1685078824
517,Bhan,26.5583,67.7214,108.52,8,0,15.39,PK,1685078825
518,Yamada,39.4667,141.95,64.45,72,93,11.79,JP,1685078825
519,Kuching,1.55,110.3333,91.62,64,40,5.99,MY,1685078791
520,Fuglafjordur,62.244,-6.814,46.87,86,62,17.76,FO,1685078825
521,Lorengau,-2.0226,147.2712,82.58,75,75,2.24,PG,1685078826
522,Verkhnevilyuysk,63.4453,120.3167,53.02,33,19,7.83,RU,1685078826
523,Toamasina,-18.1667,49.3833,73.4,78,20,8.05,MG,1685078827
524,Lahij,13.1667,44.5833,83.37,58,49,6.44,YE,1685078827
525,Kristiansand,58.1467,7.9956,50.02,63,0,12.66,NO,1685078827
526,Holualoa,19.6228,-155.9522,75.04,93,0,11.5,US,1685078828
527,Puerto Aysen,-45.4,-72.7,37.51,99,100,3.94,CL,1685078828
528,Raton,36.9034,-104.4391,54.21,71,40,4.61,US,1685078828
529,Lagonglong,8.8072,124.7903,84.11,74,98,5.95,PH,1685078829
530,Tazacorte,28.629,-17.9293,63.57,80,0,7.0,ES,1685078829
531,Sparta,43.9441,-90.8129,54.93,100,0,0.0,US,1685078829
532,Carloforte,39.145,8.3058,64.11,76,56,3.13,IT,1685078830
533,Kasane,-17.8167,25.15,50.09,87,0,3.44,BW,1685078830
534,Qui Nhon,13.7667,109.2333,86.49,64,48,10.38,VN,1685078830
535,Muravlenko,63.7898,74.523,59.85,33,84,10.16,RU,1685078830
536,Tirmiz,37.2242,67.2783,78.89,24,0,4.61,UZ,1685078831
537,Mukalla,14.5425,49.1242,85.03,69,80,5.44,YE,1685078831
538,Ghanzi,-21.5667,21.7833,54.52,35,0,12.19,BW,1685078831
539,Callao,-12.0667,-77.15,70.09,83,40,11.5,PE,1685078831
540,Kerema,-7.9631,145.7785,79.95,81,97,13.02,PG,1685078600
541,Ghadamis,30.1337,9.5007,67.05,48,0,6.62,LY,1685078832
542,Tecoman,18.9167,-103.8833,76.5,84,66,0.92,MX,1685078832
543,Nuuk,64.1835,-51.7216,31.41,76,31,7.87,GL,1685078833
544,Pyay,18.8167,95.2167,101.34,29,1,3.56,MM,1685078833
545,Tosontsengel,48.7567,98.2839,49.01,22,83,0.27,MN,1685078833
546,Salinopolis,-0.6136,-47.3561,78.26,88,8,9.66,BR,1685078834
547,Klyuchi,52.2667,79.1667,63.0,28,10,14.63,RU,1685078834
548,Yuzhno-Kurilsk,44.0306,145.8556,56.68,73,26,10.29,RU,1685078834
549,Saudarkrokur,65.7461,-19.6394,41.81,77,100,12.21,IS,1685078834
550,Hasaki,35.7333,140.8333,77.29,62,99,13.38,JP,1685078835
551,Cuntis,42.634,-8.5626,56.37,63,0,7.94,ES,1685078835
552,Vilhena,-12.7406,-60.1458,69.67,77,37,0.74,BR,1685078835
553,Swan Hill,-35.3378,143.5544,56.14,45,31,12.19,AU,1685078836
554,Borodulikha,50.7184,80.9295,62.37,32,66,13.91,KZ,1685078836
555,Altamira,-3.2033,-52.2064,72.86,93,67,1.79,BR,1685078587
556,Luau,-10.7073,22.2247,63.99,64,45,3.4,AO,1685078837
557,Ha Tien,10.3833,104.4833,90.03,59,53,17.6,VN,1685078837
558,Olmos,-5.9847,-79.7453,69.91,77,78,2.39,PE,1685078837
559,Federacion,-31.0062,-57.8996,70.59,73,49,12.5,AR,1685078838
560,Ammi Moussa,35.8678,1.1114,60.51,73,11,4.03,DZ,1685078838
561,Juneau,58.3019,-134.4197,53.6,100,100,6.91,US,1685078838
562,Lockwood,45.8191,-108.4149,60.42,73,75,1.99,US,1685078838
563,Amga,60.8953,131.9608,59.41,28,51,5.01,RU,1685078839
564,Darende,38.5458,37.5058,57.97,80,29,1.95,TR,1685078839
565,Ylitornio,66.3089,23.6773,43.57,46,14,8.81,FI,1685078839
566,Kismayo,-0.3582,42.5454,81.91,74,38,13.13,SO,1685078840
567,Aracati,-4.5617,-37.7697,77.18,82,38,11.54,BR,1685078840
568,Takoradi,4.8845,-1.7554,78.91,86,87,4.88,GH,1685078841
569,Muang Phon-Hong,18.4928,102.4172,92.32,52,16,0.6,LA,1685078841
570,Canavieiras,-15.675,-38.9472,70.97,94,46,4.38,BR,1685078841
571,Labrador City,52.9463,-66.9114,26.51,93,0,0.0,CA,1685078842
572,Actopan,20.2667,-98.9333,63.7,82,94,5.91,MX,1685078843
573,Bonthe,7.5264,-12.505,77.74,89,100,4.56,SL,1685078843
574,Talcahuano,-36.7167,-73.1167,55.08,100,100,11.5,CL,1685078843
575,Majene,-3.5403,118.9707,83.19,78,37,1.45,ID,1685078843
576,Khamanon Kalan,30.8186,76.3508,90.1,41,22,12.19,IN,1685078844
577,Opuwo,-18.0607,13.84,58.55,47,3,4.47,NA,1685078844
578,Kirakira,-10.4544,161.9205,76.78,92,100,6.06,SB,1685078844
579,Portland,45.5234,-122.6762,73.38,54,20,9.22,US,1685078249
580,Porto Velho,-8.7619,-63.9039,77.05,94,40,2.3,BR,1685078845
581,Tobol'Sk,58.2,68.2667,67.66,36,6,2.35,RU,1685078845
582,Changyon,38.2508,125.0961,70.75,55,100,11.27,KP,1685078845
583,Fort Mcmurray,56.7268,-111.381,53.19,71,0,8.05,CA,1685078788
584,Tocopilla,-22.092,-70.1979,64.18,77,75,6.8,CL,1685078846
585,Kill Devil Hills,36.0307,-75.676,61.99,83,0,14.97,US,1685078847
586,Labytnangi,66.6572,66.4183,65.21,60,93,12.97,RU,1685078847
587,Lapeer,43.0514,-83.3188,46.89,70,0,0.0,US,1685078847
588,Redon,47.8333,-1.8333,51.91,92,16,9.95,FR,1685078848
589,Priozersk,61.0393,30.1291,55.11,62,91,4.0,RU,1685078848
590,Drama,41.1544,24.1394,67.66,77,49,4.38,GR,1685078775
591,Sinabang,2.4803,96.3801,82.63,76,89,3.0,ID,1685078849
